Employee_Name,EmpID,MarriedID,MaritalStatusID,GenderID,EmpStatusID,RoleID,LevelID,PerfScoreID,Tribe,Squad,DOB,RaceDesc,DateofHire,DateofTermination,TermReason,EmploymentStatus,RecruitmentSource,EngagementSurvey,EngangementSurveyRound,EmpSatisfaction,SpecialProjectsCount,LastPerformanceReview_Date,DaysLateLast30,Absences
A Ridwan,10001,Belum Menikah,Single,L,TKP/ Outsource,Product Owner,Senior,Exceed,EWD,Evaluate,07/10/1983,Sunda,05/07/2011,,N/A-StillEmployed,Active,LinkedIn,4 6,5,5,0,17/01/2020,0,1
Ade Setyanto,10002,Belum Menikah,Single,L,TKP/ Outsource,Product Owner,Senior,Fully meets,EWD,Pay,05/05/1975,Sunda,30/03/2015,16/06/2018,career change,Voluntarily Terminated,Indeed,4 96,5,3,6,24/02/2017,0,17
Adhitya Bramantya Ranggatyasta,10003,Menikah,Pernah Menikah/Bercerai,P,TKP/ Outsource,Product Owner,Senior,Average,ENT,HunianAja,09/19/88,Jawa,05/07/2011,24/09/2014,hours,Voluntarily Terminated,LinkedIn,3 02,3,3,0,15/05/2013,0,3
Adji Wijaya Kusuma,10004,Belum Menikah,Single,P,TKP/ Outsource,Business Analyst,Middle,Exceed,ENT,Intermoda,09/27/88,Cina,07/01/2008,,N/A-StillEmployed,Active,Indeed,4 84,5,5,0,03/01/2020,0,15
Agus Andri Putra,10005,Belum Menikah,Single,P,Prohire,Business Analyst,Middle,Average,EDU,Squad Pijar Sekolah,09/08/1989,Bali,11/07/2011,06/09/2018,return to school,Voluntarily Terminated,Google Search,5,5,4,0,01/02/2017,0,2
Ahmad Dwi Nugroho,10006,Menikah,Married,P,TKP/ Outsource,Product Owner,Senior,Exceed,COM,ChatAja,05/22/77,Bali,09/01/2012,,N/A-StillEmployed,Active,LinkedIn,5,5,5,0,07/01/2020,0,15
Ahmad Faiz,10007,Menikah,Married,P,TKP/ Outsource,Business Analyst,Junior,Average,COM,Vutura,05/24/79,Padang,10/11/2014,,N/A-StillEmployed,Active,LinkedIn,3 04,3,3,4,02/01/2020,0,19
Ahmad Hari Ramadhan,10008,Menikah,Pernah Menikah/Bercerai,L,TKP/ Outsource,Business Analyst,Junior,Exceed,ENT,Intermoda,02/18/83,Jawa,30/09/2013,,N/A-StillEmployed,Active,Employee Referral,5,5,4,0,25/02/2020,0,19
Ahmad Iswandi,10009,Belum Menikah,Single,P,TKP/ Outsource,Business Analyst,Middle,Exceed,EWD,Sales Cycle  ,02/11/1970,Sunda,06/07/2009,,N/A-StillEmployed,Active,Diversity Job Fair,4 46,4,3,0,25/01/2020,0,4
Ahmad Khaerul,10010,Menikah,Widowed,L,TKP/ Outsource,Product Owner,Middle,Need improvement,EWD,Activate & Install,01/07/1988,Cina,05/01/2015,,N/A-StillEmployed,Active,Indeed,5,5,5,6,18/02/2020,0,16
Ahmad Luthfi Mahar,10011,Menikah,Pernah Menikah/Bercerai,P,TKP/ Outsource,Product Owner,Junior,Fully meets,COM,ChatAja,01/12/1974,Jawa,10/01/2011,12/01/2019,Another position,Voluntarily Terminated,Diversity Job Fair,4 2,4,4,0,30/01/2017,0,12
Akhdiyat Restu Fiqih,10012,Menikah,Pernah Menikah/Bercerai,L,TKP/ Outsource,Product Owner,Junior,Fully meets,COM,UMEETME,02/21/74,Bali,02/04/2012,19/09/2018,unhappy,Voluntarily Terminated,Diversity Job Fair,4 2,4,3,0,06/05/2017,0,15
Alifia Sarah Mardiani,10013,Belum Menikah,Single,L,TKP/ Outsource,Business Analyst,Middle,Need improvement,EWD,Core Domain,07/04/1988,Bali,10/11/2014,,N/A-StillEmployed,Active,Diversity Job Fair,4 28,4,4,5,25/02/2020,0,9
Alwi Khairan Akhmad,10014,Belum Menikah,Single,L,TKP/ Outsource,Product Owner,Junior,Fully meets,EWD,Evaluate,07/20/83,Sunda,20/02/2012,,N/A-StillEmployed,Active,Google Search,4 6,5,4,0,14/02/2020,0,7
Amalia Erza Syafitri,10015,Menikah,Married,L,TKP/ Outsource,UI Designer,Junior,Special treatment,EWD,Pay,07/15/77,Cina,24/09/2012,06/04/2019,Another position,Voluntarily Terminated,On-line Web application,5,5,5,0,02/03/2018,0,1
Amalia Nurul Hidayah,10016,Belum Menikah,Single,L,TKP/ Outsource,UX Designer,Junior,Fully meets,EWD,Sales Cycle,10/18/81,Bali,21/02/2011,04/08/2019,attendance,Terminated for Cause,Google Search,5,5,4,0,05/04/2018,0,20
Andi Yayang Friandi,10017,Belum Menikah,Single,P,TKP/ Outsource,UI Designer,Senior,Fully meets,HLT,PeduliLindungi,04/17/66,Jawa,21/07/2016,,N/A-StillEmployed,Active,Employee Referral,4 4,4,3,0,14/01/2020,0,16
Andika Junisar Putri,10018,Menikah,Pernah Menikah/Bercerai,P,Prohire,UX Designer,Junior,Exceed,COM,OCA,10/27/70,Cina,04/04/2011,,N/A-StillEmployed,Active,Google Search,5,5,5,0,14/01/2020,0,12
Andre,10019,Belum Menikah,Single,P,Prohire,UI Designer,Junior,Fully meets,EDU,Squad Pijar Sekolah,04/04/1986,Padang,07/07/2014,12/09/2017,performance,Terminated for Cause,Google Search,4 5,5,4,5,15/01/2016,0,8
Andri Istiawan,10020,Belum Menikah,Single,L,Prohire,UI Designer,Junior,Special treatment,EWD,Core Domain,04/06/1979,Jawa,08/07/2013,,N/A-StillEmployed,Active,LinkedIn,4 2,4,4,0,11/01/2020,0,13
Andry Purnawati,10021,Belum Menikah,Single,L,TKP/ Outsource,UX Designer,Junior,Average,EWD,Sales Cycle  ,12/22/70,Sunda,02/04/2012,,N/A-StillEmployed,Active,Google Search,5,5,3,0,14/01/2020,0,13
Anita Dwi Kusrini,10022,Menikah,Married,P,TKP/ Outsource,UI Designer,Junior,Special treatment,FIN,Inpoin,12/27/58,Cina,19/08/2013,,N/A-StillEmployed,Active,Indeed,4 2,4,3,0,10/01/2020,0,2
Anjas Syarifudin Maharesi,10023,Menikah,Pernah Menikah/Bercerai,P,Prohire,UX Writer,Senior,Fully meets,FIN,MPS,09/01/1989,Jawa,07/07/2014,,N/A-StillEmployed,Active,Indeed,5,5,3,0,27/02/2020,0,19
Anne Lestari,10024,Menikah,Pernah Menikah/Bercerai,P,Prohire,UX Designer,Junior,Fully meets,EDU,Arkademy ,09/21/90,Padang,04/04/2011,,N/A-StillEmployed,Active,CareerBuilder,2,2,3,0,27/02/2020,2,3
Anshory Muhammad,10025,Menikah,Widowed,P,Prohire,UX Writer,Junior,Special treatment,ENT,MyPertamina,01/16/67,Padang,10/01/2011,04/04/2016,career change,Voluntarily Terminated,Google Search,4 8,5,5,0,04/03/2015,0,5
Arief Luthfi,10026,Belum Menikah,Single,L,TKP/ Outsource,Artificial Intelligent,Junior,Exceed,IHX,Squad B,07/30/64,Cina,17/02/2014,19/02/2018,Learned that he is a gangster,Terminated for Cause,LinkedIn,3 5,4,5,7,10/01/2017,0,2
Arini Indah,10027,Menikah,Widowed,P,TKP/ Outsource,UI Designer,Junior,Average,EDU,Squad Service Core,04/04/1987,Sunda,16/02/2015,,N/A-StillEmployed,Active,Diversity Job Fair,5,5,4,3,18/02/2020,0,4
Arisalsabila Wahyu Bawono,10028,Belum Menikah,Single,L,TKP/ Outsource,Back End Developer,Senior,Average,FIN,Bonum,03/10/1970,Padang,30/09/2013,07/08/2016,retiring,Voluntarily Terminated,Indeed,3 39,3,3,0,20/02/2015,0,14
Arsya Shafira Firstri,10029,Menikah,Pernah Menikah/Bercerai,P,TKP/ Outsource,Back End Developer,Middle,Exceed,ENT,MyPertamina,08/24/90,Padang,02/04/2012,15/06/2015,Another position,Voluntarily Terminated,Google Search,3 35,3,4,0,04/03/2014,0,6
Arwani,10030,Belum Menikah,Single,P,TKP/ Outsource,Front End Developer,Junior,Exceed,EDU,Squad Service Core,11/24/87,Bali,27/10/2008,,N/A-StillEmployed,Active,Diversity Job Fair,4 5,5,2,6,15/01/2020,0,14
Asep Yuhana,10031,Belum Menikah,Single,L,TKP/ Outsource,Front End Developer,Middle,Exceed,FIN,Bonum,07/28/83,Padang,29/09/2014,,N/A-StillEmployed,Active,Google Search,3 19,3,3,0,01/02/2020,0,9
Asfah Faela Shufa,10032,Menikah,Married,P,TKP/ Outsource,Front End Developer,Senior,Average,EWD,Sales Cycle,10/30/69,Cina,11/11/2013,,N/A-StillEmployed,Active,Diversity Job Fair,3 5,4,5,0,21/01/2020,0,17
Astria Karismawati,10033,Belum Menikah,Single,P,TKP/ Outsource,Front End Developer,Middle,Fully meets,EWD,RPA & Profitability,06/01/1964,Cina,15/08/2011,02/08/2016,Another position,Voluntarily Terminated,Google Search,3 14,3,5,0,10/02/2014,1,19
Astrid Noviasari Suprapto,10034,Menikah,Pernah Menikah/Bercerai,P,TKP/ Outsource,Back End Developer,Senior,Fully meets,IHX,Squad C,03/02/1980,Bali,05/03/2012,,N/A-StillEmployed,Active,Employee Referral,4 51,5,4,0,21/02/2020,0,3
Aulia Eka Fitriani,10035,Menikah,Married,L,TKP/ Outsource,Mobile Developer Android,Junior,Fully meets,ENT,MyPertamina,08/19/77,Sunda,04/04/2011,,N/A-StillEmployed,Active,Indeed,3 25,3,5,0,14/01/2020,0,15
Aura Camellia Ludica,10036,Belum Menikah,Single,L,TKP/ Outsource,Back End Developer,Junior,Need improvement,FIN,Platform,11/22/66,Cina,15/08/2011,,N/A-StillEmployed,Active,Google Search,3 84,4,3,5,21/01/2020,0,4
Aviall Anggraina,10037,Belum Menikah,Single,L,TKP/ Outsource,Back End Developer,Junior,Fully meets,HLT,PeduliLindungi,08/09/1983,Jawa,28/01/2016,,N/A-StillEmployed,Active,Indeed,5,5,3,0,22/02/2020,0,14
Ayu Bintang Nurrachma Gunawan,10038,Belum Menikah,Single,P,TKP/ Outsource,Back End Developer,Middle,Need improvement,HLT,PeduliLindungi,04/05/1987,Padang,11/11/2013,,N/A-StillEmployed,Active,Indeed,4 96,5,4,6,30/01/2020,0,3
Ayu Prihatini Novianingrum Romadani,10039,Menikah,Pernah Menikah/Bercerai,L,Prohire,Front End Developer,Junior,Fully meets,IHX,Lead/Reviewer/Maintener,02/02/1983,Bali,31/03/2014,,N/A-StillEmployed,Active,LinkedIn,4 43,4,3,0,01/02/2020,0,14
Bagus,10040,Belum Menikah,Single,P,Prohire,Back End Developer,Junior,Fully meets,IHX,Squad B,06/06/1986,Sunda,30/06/2016,,N/A-StillEmployed,Active,LinkedIn,5,5,5,6,18/02/2020,0,7
Bagus Indra Febrianto,10041,Belum Menikah,Single,P,Prohire,Mobile Developer Android,Junior,Special treatment,IHX,Squad D,05/15/63,Padang,18/08/2014,,N/A-StillEmployed,Active,Indeed,5,5,5,0,21/01/2020,0,7
Bagus Tri Harjanto,10042,Menikah,Married,P,TKP/ Outsource,Back End Developer,Middle,Fully meets,EWD,Explore,01/02/1951,Bali,29/09/2014,,N/A-StillEmployed,Active,Google Search,5,5,4,0,12/02/2020,0,11
Bayu Aji Kurniawan,10043,Menikah,Married,L,TKP/ Outsource,Back End Developer,Junior,Average,FIN,Inpoin,02/09/1972,Cina,06/09/2016,,N/A-StillEmployed,Active,Indeed,4 5,5,5,7,15/01/2020,0,8
Bayu Anugrah,10044,Menikah,Pernah Menikah/Bercerai,P,TKP/ Outsource,Back End Developer,Junior,Average,EWD,AM Performance,02/12/1979,Bali,12/05/2014,,N/A-StillEmployed,Active,Indeed,3 3,3,4,0,19/02/2020,0,11
Bayusandya Tresnayatna,10045,Belum Menikah,Single,L,TKP/ Outsource,Back End Developer,Senior,Need improvement,ENT,MyPertamina,08/24/83,Padang,08/07/2013,,N/A-StillEmployed,Active,LinkedIn,3 8,4,5,0,14/01/2020,0,4
Brilliant Djaka Irfanudin Rofiq,10046,Belum Menikah,Single,L,TKP/ Outsource,Front End Developer,Middle,Exceed,FIN,Inpoin,06/11/1970,Bali,14/05/2012,,N/A-StillEmployed,Active,Employee Referral,3,3,5,0,19/01/2020,0,17
Burhanudin Ramdhani,10047,Menikah,Married,P,TKP/ Outsource,Back End Developer,Junior,Average,FIN,Bonum,08/27/83,Jawa,27/06/2011,15/11/2017,relocation out of area,Voluntarily Terminated,Indeed,4 3,4,4,0,10/03/2016,0,3
Calvinza Herman,10048,Belum Menikah,Single,P,Prohire,Back End Developer,Junior,Average,LGT,Logee Truck Web,05/31/88,Sunda,03/10/2011,,N/A-StillEmployed,Active,Indeed,3 58,4,5,0,30/01/2020,0,3
Chika Mareyza Anjani,10049,Menikah,Married,L,TKP/ Outsource,Front End Developer,Junior,Fully meets,EDU,Squad Control Tower,09/05/1985,Padang,05/09/2012,,N/A-StillEmployed,Active,Indeed,4 7,5,3,6,27/02/2020,0,2
Christi Yanti Pardede,10050,Belum Menikah,Single,P,TKP/ Outsource,Front End Developer,Junior,Fully meets,EDU,Squad Pijar Corpu,08/31/81,Bali,16/05/2011,07/01/2015,unhappy,Voluntarily Terminated,Google Search,4 2,4,5,0,03/05/2013,0,9
Christian S. X. Kembuan,10051,Menikah,Pernah Menikah/Bercerai,L,TKP/ Outsource,Back End Developer,Senior,Average,COM,ChatAja,11/25/78,Sunda,30/08/2010,26/09/2013,career change,Voluntarily Terminated,Indeed,4 2,4,4,0,04/05/2012,0,6
Cipta Pakarti Puji Akasyah,10052,Menikah,Pernah Menikah/Bercerai,L,TKP/ Outsource,Mobile Developer Android,Senior,Special treatment,FIN,MPS,08/26/80,Bali,06/07/2016,,N/A-StillEmployed,Active,Employee Referral,4 1,4,4,0,28/02/2020,0,5
Claudia Cahya P,10053,Menikah,Widowed,L,TKP/ Outsource,System Documentation,Junior,Need improvement,LGT,Logee Truck All Product,09/08/1977,Padang,08/07/2013,,N/A-StillEmployed,Active,Employee Referral,4 4,4,5,0,14/01/2020,0,3
Darin Afaf Rafinda,10054,Belum Menikah,Single,L,TKP/ Outsource,Front End Developer,Junior,Fully meets,VGA,Ads Based,08/12/1979,Jawa,11/07/2011,23/09/2018,performance,Terminated for Cause,LinkedIn,2,2,3,0,01/05/2017,5,16
David Suryana Adie,10055,Belum Menikah,Single,L,TKP/ Outsource,Front End Developer,Middle,Need improvement,VGA,IndiBOX Apps,12/17/75,Sunda,20/07/2010,,N/A-StillEmployed,Active,CareerBuilder,4 13,4,2,0,14/01/2020,3,3
Debby Safira,10056,Belum Menikah,Single,L,TKP/ Outsource,Front End Developer,Junior,Exceed,IHL,IndiHome Smart,03/19/83,Jawa,05/01/2009,,N/A-StillEmployed,Active,Indeed,3 7,4,5,0,04/02/2020,0,15
Deddy Nur Hidayat,10057,Menikah,Married,P,TKP/ Outsource,Front End Developer,Senior,Fully meets,IHL,IndiHome Study,03/31/77,Jawa,05/01/2015,,N/A-StillEmployed,Active,Indeed,4 73,5,5,0,14/02/2020,0,6
Delicia Generis Humani,10058,Menikah,Married,L,TKP/ Outsource,Front End Developer,Junior,Exceed,FIN,Platform,08/26/86,Cina,30/03/2015,,N/A-StillEmployed,Active,Indeed,3 04,3,3,6,22/01/2020,0,2
Denandra Prasetya Laksma Putra,10059,Menikah,Married,P,TKP/ Outsource,Front End Developer,Senior,Average,FIN,Platform,04/10/1987,Bali,06/07/2016,,N/A-StillEmployed,Active,LinkedIn,4 12,4,5,0,28/01/2020,0,15
Dendy Ramdhan Fauzy,10060,Belum Menikah,Single,L,TKP/ Outsource,Back End Developer,Junior,Need improvement,IHX,Squad B,09/09/1965,Padang,10/11/2014,,N/A-StillEmployed,Active,Employee Referral,5,5,3,4,02/01/2020,0,5
Devi,10061,Belum Menikah,Single,P,TKP/ Outsource,Back End Developer,Senior,Exceed,IHX,Squad C,04/19/90,Bali,05/05/2014,,N/A-StillEmployed,Active,Indeed,4 62,5,4,0,24/01/2020,0,8
Dewi Hapsari,10062,Menikah,Pernah Menikah/Bercerai,P,TKP/ Outsource,Front End Developer,Senior,Exceed,EWD,Refactoring New IA,01/18/52,Cina,10/11/2014,,N/A-StillEmployed,Active,LinkedIn,3 1,3,5,8,12/02/2020,0,19
Dewi Rahayu,10063,Menikah,Widowed,P,Prohire,Mobile Developer Android,Senior,Need improvement,VGA,Ads Based,11/05/1978,Sunda,02/07/2012,,N/A-StillEmployed,Active,Indeed,5,5,3,0,25/02/2020,0,1
Dhieo Deva Alavanta,10064,Menikah,Widowed,L,TKP/ Outsource,Mobile Developer Android,Junior,Special treatment,VGA,IndiBOX Apps,09/14/79,Cina,07/11/2011,,N/A-StillEmployed,Active,LinkedIn,3 96,4,4,0,27/02/2020,0,6
Dian Putri Paramitha Rais,10065,Menikah,Married,L,TKP/ Outsource,Back End Developer,Junior,Exceed,ENT,MyPertamina,04/15/88,Bali,09/07/2018,,N/A-StillEmployed,Active,Indeed,4 3,4,4,3,31/01/2020,2,2
Difa Al,10066,Menikah,Married,L,TKP/ Outsource,Mobile Developer Android,Junior,Need improvement,EDU,Squad Service Core,10/31/77,Cina,16/05/2011,08/06/2018,unhappy,Voluntarily Terminated,Indeed,5,5,4,0,02/04/2017,0,14
Dimas Bayu Suseno,10067,Belum Menikah,Single,P,TKP/ Outsource,Mobile Developer Android,Junior,Fully meets,COM,ChatAja,07/05/1979,Jawa,09/01/2012,,N/A-StillEmployed,Active,CareerBuilder,3 79,4,5,5,25/01/2020,0,8
Dimas Pratama,10068,Belum Menikah,Single,L,TKP/ Outsource,Mobile Developer iOS,Middle,Fully meets,COM,ChatAja,11/02/1975,Sunda,29/09/2014,,N/A-StillEmployed,Active,Indeed,1 93,2,3,0,30/01/2020,6,5
Dini Agustini Fajri,10069,Menikah,Married,P,TKP/ Outsource,Back End Developer,Middle,Exceed,VGA,Ads Based,02/25/51,Sunda,04/04/2011,04/11/2017,more money,Voluntarily Terminated,Google Search,4 62,5,5,0,06/05/2016,0,1
Dwi Erviana,10070,Menikah,Widowed,L,TKP/ Outsource,Back End Developer,Junior,Average,IHL,IndiHome Smart,04/19/67,Bali,07/07/2014,,N/A-StillEmployed,Active,Indeed,1 12,1,2,0,31/01/2020,4,9
Dyva Agna Fauzan,10071,Menikah,Pernah Menikah/Bercerai,L,TKP/ Outsource,Front End Developer,Junior,Exceed,EDU,Squad Pijar Corpu,09/04/1983,Cina,15/02/2017,,N/A-StillEmployed,Active,Indeed,3 01,3,5,7,23/01/2020,0,15
Egi Chandra Legita,10072,Menikah,Pernah Menikah/Bercerai,L,TKP/ Outsource,Back End Developer,Junior,Average,EWD,Delivery & Project Mgt,11/15/82,Cina,12/05/2014,,N/A-StillEmployed,Active,Indeed,4 3,4,4,0,19/02/2020,0,1
Egy Haekal Achmad,10073,Menikah,Widowed,P,TKP/ Outsource,Front End Developer,Middle,Special treatment,ENT,NETMONK,05/14/87,Cina,20/02/2012,,N/A-StillEmployed,Active,Website,2 3,2,1,0,29/01/2020,2,17
Eka Risyana Pribadi,10074,Menikah,Widowed,P,TKP/ Outsource,Front End Developer,Middle,Average,EWD,Evaluate,12/02/1978,Bali,07/01/2013,,N/A-StillEmployed,Active,Indeed,3 88,4,4,0,18/01/2020,0,6
Eki Mandjasari,10075,Menikah,Pernah Menikah/Bercerai,P,TKP/ Outsource,Back End Developer,Junior,Average,EWD,Pay,10/07/1986,Jawa,02/04/2012,,N/A-StillEmployed,Active,CareerBuilder,3 4,3,5,0,19/02/2020,0,15
Eki Rizki Pratama Putra,10076,Menikah,Pernah Menikah/Bercerai,P,TKP/ Outsource,DevOps Engineer,Junior,Special treatment,EWD,Payment - SSOF,07/18/88,Jawa,05/01/2015,,N/A-StillEmployed,Active,Employee Referral,4 11,4,4,6,25/02/2020,0,16
Enny,10077,Belum Menikah,Single,L,TKP/ Outsource,Front End Developer,Middle,Average,EDU,Squad Pijar Corpu,07/09/1970,Bali,05/01/2014,,N/A-StillEmployed,Active,Indeed,4 3,4,5,5,04/01/2020,0,4
Erdin Suharyadi,10078,Belum Menikah,Single,P,TKP/ Outsource,Back End Developer,Senior,Average,EDU,Squad Pijar Sekolah,11/08/1988,Padang,10/01/2011,,N/A-StillEmployed,Active,Indeed,4 77,5,5,0,27/01/2020,0,14
Ester Vanessa,10079,Belum Menikah,Single,P,TKP/ Outsource,Back End Developer,Senior,Fully meets,COM,UMEETME,11/28/73,Cina,18/09/2014,,N/A-StillEmployed,Active,Google Search,4 52,5,4,0,15/01/2020,0,4
Estha Triani Juansah,10080,Menikah,Widowed,P,TKP/ Outsource,System Documentation,Junior,Exceed,COM,ChatAja,09/23/73,Bali,26/04/2010,,N/A-StillEmployed,Active,Google Search,2 9,3,3,0,21/01/2020,0,6
Evi Sitorus,10081,Menikah,Widowed,P,TKP/ Outsource,Front End Developer,Junior,Average,EWD,Product & Content Management System,09/05/1991,Cina,04/04/2011,06/06/2019,military,Voluntarily Terminated,Google Search,5,5,3,0,09/04/2018,0,7
Fadilla Nur Elminasari,10082,Belum Menikah,Single,L,TKP/ Outsource,Back End Developer,Middle,Special treatment,ENT,MyPertamina,05/31/74,Jawa,10/11/2014,,N/A-StillEmployed,Active,LinkedIn,4 7,5,5,0,13/02/2020,0,8
Fahmi Alhafid,10083,Belum Menikah,Single,L,TKP/ Outsource,Back End Developer,Junior,Average,COM,UMEETME,08/25/78,Sunda,31/03/2014,,N/A-StillEmployed,Active,Employee Referral,4 2,4,3,0,11/01/2020,0,3
Fairuzh Shalma N,10084,Belum Menikah,Single,P,TKP/ Outsource,Back End Developer,Junior,Average,COM,Vutura,08/25/89,Cina,07/07/2014,,N/A-StillEmployed,Active,Indeed,3,3,1,0,25/02/2020,2,5
Faisal Fahlevi,10085,Belum Menikah,Single,L,Prohire,Front End Developer,Senior,Need improvement,IHX,Squad D,09/02/1983,Padang,02/04/2012,27/09/2020,attendance,Terminated for Cause,Google Search,5,5,4,0,12/04/2019,5,16
Faishal Mahdy Nail,10086,Belum Menikah,Single,P,Prohire,Back End Developer,Senior,Average,COM,Vutura,05/06/1989,Jawa,17/02/2014,25/02/2020,no-call  no-show,Terminated for Cause,Google Search,2 3,2,3,0,15/01/2018,5,19
Fajar Lesmana,10087,Menikah,Married,P,TKP/ Outsource,Back End Developer,Junior,Average,VGA,IndiBOX Apps,05/15/87,Bali,02/05/2011,05/06/2015,attendance,Terminated for Cause,Indeed,2 1,2,5,4,10/08/2013,4,19
Fakhri Ridho Dhiyamatra,10088,Menikah,Pernah Menikah/Bercerai,P,TKP/ Outsource,Front End Developer,Junior,Fully meets,EDU,Squad Service Core,09/22/78,Cina,07/07/2014,,N/A-StillEmployed,Active,LinkedIn,4 4,4,5,0,22/02/2020,0,17
Fany Amalia,10089,Belum Menikah,Single,P,TKP/ Outsource,Front End Developer,Senior,Need improvement,COM,Vutura,09/27/87,Cina,17/02/2014,,N/A-StillEmployed,Active,LinkedIn,4,4,4,0,07/01/2020,0,7
Faraz Ayudia A,10090,Belum Menikah,Single,P,TKP/ Outsource,Back End Developer,Middle,Exceed,EWD,RPA & Profitability,04/14/55,Jawa,07/11/2011,17/05/2018,military,Voluntarily Terminated,Google Search,3 13,3,3,0,04/02/2017,0,16
Fauza Alfisyahrin,10091,Belum Menikah,Single,L,TKP/ Outsource,Mobile Developer Android,Middle,Need improvement,IHX,Squad B,10/18/89,Jawa,11/05/2015,,N/A-StillEmployed,Active,Indeed,1 56,2,5,0,03/01/2020,6,15
Fauzan Indra,10092,Belum Menikah,Single,L,TKP/ Outsource,Back End Developer,Junior,Exceed,IHX,Squad D,06/18/87,Padang,30/03/2015,,N/A-StillEmployed,Active,LinkedIn,1 2,1,3,6,04/02/2020,3,2
Fauzi Radian Hantoro,10093,Menikah,Widowed,P,TKP/ Outsource,Mobile Developer Android,Junior,Average,EWD,Data & Dashboard Analytics,03/16/81,Padang,09/01/2012,,N/A-StillEmployed,Active,Google Search,5,5,5,0,29/01/2020,0,19
Fauzi Zaki Ma'ruf,10094,Belum Menikah,Single,L,TKP/ Outsource,Mobile Developer Android,Middle,Fully meets,EWD,Explore,10/01/1981,Sunda,16/05/2011,24/06/2015,hours,Voluntarily Terminated,Google Search,4 76,5,5,0,05/04/2014,0,20
Febby Wijaya,10095,Menikah,Married,P,TKP/ Outsource,Back End Developer,Junior,Need improvement,ENT,NETMONK,11/08/1983,Padang,04/04/2011,09/01/2015,career change,Voluntarily Terminated,Google Search,3 66,4,3,0,07/01/2013,0,6
Ferli,10096,Belum Menikah,Single,L,TKP/ Outsource,Back End Developer,Junior,Average,EWD,RPA & Profitability,07/07/1975,Sunda,29/09/2014,19/08/2020,Fatal attraction,Terminated for Cause,Employee Referral,2,2,5,0,28/01/2020,4,7
Fikri Akbar,10097,Menikah,Pernah Menikah/Bercerai,L,TKP/ Outsource,Back End Developer,Junior,Average,EWD,Explore,07/05/1980,Sunda,15/04/2011,,N/A-StillEmployed,Active,Indeed,5,5,5,5,07/01/2020,0,15
Fikri Auliya Rahman,10098,Menikah,Married,P,TKP/ Outsource,Front End Developer,Senior,Fully meets,COM,ChatAja,04/16/79,Padang,05/01/2009,,N/A-StillEmployed,Active,Other,5,5,3,2,08/02/2020,0,3
Fransky,10099,Belum Menikah,Single,L,TKP/ Outsource,System Documentation,Junior,Average,FIN,MPS,08/28/63,Cina,06/09/2011,,N/A-StillEmployed,Active,CareerBuilder,4 3,4,3,0,27/01/2020,2,7
Freza Nugraha,10100,Belum Menikah,Single,P,Prohire,System Documentation,Junior,Exceed,FIN,Inpoin,07/06/1968,Padang,01/05/2010,,N/A-StillEmployed,Active,LinkedIn,4 7,5,4,5,01/02/2020,0,1
Gabe Rizky Putra,10101,Menikah,Pernah Menikah/Bercerai,L,Prohire,Back End Developer,Middle,Need improvement,COM,ChatAja,09/15/85,Bali,30/03/2015,,N/A-StillEmployed,Active,Employee Referral,4 5,5,3,0,18/02/2020,0,5
Gana,10102,Menikah,Married,P,Prohire,Back End Developer,Junior,Fully meets,ENT,Intermoda,12/02/1983,Cina,16/05/2011,,N/A-StillEmployed,Active,LinkedIn,4 2,4,4,0,26/02/2020,0,12
Gema Saputera,10103,Belum Menikah,Single,P,Prohire,Back End Developer,Junior,Fully meets,COM,ChatAja,10/01/1990,Jawa,30/03/2015,,N/A-StillEmployed,Active,LinkedIn,3 73,4,3,0,16/01/2020,0,19
Gerald Ghibran Gunasha,10104,Belum Menikah,Single,P,TKP/ Outsource,Back End Developer,Senior,Special treatment,FIN,GTM,05/15/70,Jawa,07/11/2011,15/11/2018,hours,Voluntarily Terminated,Diversity Job Fair,4 24,4,4,0,29/04/2017,0,2
Geraldy Martin Pangabean,10105,Belum Menikah,Single,P,TKP/ Outsource,Back End Developer,Junior,Fully meets,EWD,Active & Install,07/10/1971,Sunda,07/07/2014,05/09/2017,attendance,Terminated for Cause,CareerBuilder,3 97,4,4,0,15/01/2015,0,7
Gilang Ramadhan,10106,Menikah,Widowed,L,TKP/ Outsource,Front End Developer,Junior,Fully meets,EWD,Evaluate,08/09/1974,Cina,02/04/2012,25/06/2017,military,Voluntarily Terminated,Diversity Job Fair,3 97,4,4,0,20/01/2016,3,15
Gilbi,10107,Menikah,Widowed,P,Prohire,Back End Developer,Junior,Special treatment,EWD,Explore,05/08/1980,Bali,29/09/2014,,N/A-StillEmployed,Active,Indeed,3 9,4,4,0,07/02/2020,0,3
Giska Adilah Sharfina Saputra,10108,Menikah,Widowed,P,TKP/ Outsource,Front End Developer,Junior,Fully meets,EWD,Get Support & Terminated,09/22/89,Padang,16/02/2015,,N/A-StillEmployed,Active,Indeed,4 5,5,5,0,25/01/2020,0,20
Gusti Zainokta,10109,Menikah,Married,P,TKP/ Outsource,Back End Developer,Junior,Average,EWD,Pay,10/23/71,Cina,16/02/2015,15/03/2017,no-call  no-show,Terminated for Cause,Indeed,4 6,5,4,4,20/01/2016,0,10
Hadi,10110,Belum Menikah,Single,L,TKP/ Outsource,Mobile Developer iOS,Junior,Fully meets,ENT,HunianAja,11/24/89,Jawa,30/03/2015,,N/A-StillEmployed,Active,LinkedIn,4 3,4,5,7,10/01/2020,0,20
Hadi Purnomo,10111,Menikah,Widowed,P,Prohire,Back End Developer,Junior,Average,ENT,Intermoda,06/18/92,Sunda,11/11/2013,,N/A-StillEmployed,Active,Indeed,4 3,4,5,0,18/02/2020,0,7
Hakim Rizki Pratama,10112,Belum Menikah,Single,L,TKP/ Outsource,Back End Developer,Senior,Average,FIN,Inpoin,09/29/69,Padang,11/07/2011,,N/A-StillEmployed,Active,Diversity Job Fair,4 5,5,4,0,18/02/2020,0,1
Halah Helmia Wahdah,10113,Menikah,Married,L,TKP/ Outsource,Back End Developer,Junior,Average,EWD,Data & Dashboard Analytics,10/12/1964,Bali,26/04/2010,30/05/2013,career change,Voluntarily Terminated,Diversity Job Fair,3,3,3,0,06/03/2012,3,10
Hammad Bhat,10114,Belum Menikah,Single,P,Prohire,Back End Developer,Senior,Exceed,EWD,Explore,04/16/81,Jawa,05/01/2015,,N/A-StillEmployed,Active,Employee Referral,4 61,5,4,5,28/01/2020,0,11
Hanif Maghfur,10115,Menikah,Married,P,TKP/ Outsource,Back End Developer,Middle,Average,EWD,AM Performance,05/25/86,Cina,12/05/2014,,N/A-StillEmployed,Active,LinkedIn,4 6,5,3,0,07/02/2020,0,20
Hans Christian Saragih,10116,Belum Menikah,Single,L,TKP/ Outsource,Front End Developer,Middle,Average,EWD,Delivery & Project Mgt,05/21/79,Bali,02/07/2012,,N/A-StillEmployed,Active,LinkedIn,5,5,3,0,14/01/2020,0,2
Hardeni Jumaidi,10117,Menikah,Married,P,TKP/ Outsource,Back End Developer,Middle,Fully meets,EWD,Evaluate,12/08/1983,Jawa,30/09/2013,,N/A-StillEmployed,Active,Google Search,4 4,4,5,0,21/02/2020,0,1
Harsa,10118,Belum Menikah,Single,P,TKP/ Outsource,Back End Developer,Junior,Average,EWD,Get Support,10/09/1974,Padang,19/08/2013,,N/A-StillEmployed,Active,LinkedIn,4 1,4,5,0,15/02/2020,0,3
Hasanal Bulkiah,10119,Menikah,Widowed,L,TKP/ Outsource,Front End Developer,Junior,Exceed,EWD,Get Support & Terminated,07/11/1981,Bali,02/06/2015,,N/A-StillEmployed,Active,Employee Referral,4 63,5,3,0,04/01/2020,0,2
Hasbi Nur Fadhil,10120,Menikah,Widowed,P,TKP/ Outsource,Front End Developer,Junior,Average,EWD,Pay,05/21/83,Bali,21/02/2011,11/01/2016,more money,Voluntarily Terminated,CareerBuilder,5,5,5,0,03/06/2014,0,17
Hazrul Saktio Ramadhana,10121,Belum Menikah,Single,L,TKP/ Outsource,Back End Developer,Junior,Exceed,EWD,Payment - SSOF,06/30/89,Padang,20/04/2017,,N/A-StillEmployed,Active,Indeed,4 2,4,5,5,28/01/2020,0,8
Herdis Suryatna,10122,Belum Menikah,Single,L,TKP/ Outsource,Front End Developer,Junior,Exceed,HLT,Pre Vaksinasi,02/09/1969,Bali,07/03/2012,31/10/2016,relocation out of area,Voluntarily Terminated,LinkedIn,4 5,5,5,0,01/02/2014,0,20
Hervita Ayu Andini,10123,Belum Menikah,Single,P,TKP/ Outsource,Front End Developer,Senior,Special treatment,HLT,Vaksinasi,03/23/77,Jawa,28/11/2011,,N/A-StillEmployed,Active,Google Search,4 2,4,4,0,22/02/2020,0,13
Hilman Zakky,10124,Menikah,Married,L,TKP/ Outsource,Back End Developer,Junior,Average,FIN,Platform,08/10/1988,Bali,11/11/2013,,N/A-StillEmployed,Active,LinkedIn,5,5,3,0,08/01/2020,0,20
Idham Muhammad Irfani,10125,Menikah,Widowed,P,TKP/ Outsource,Back End Developer,Middle,Fully meets,EWD,Data & Dashboard Analytics,08/18/52,Padang,09/01/2012,15/12/2017,retiring,Voluntarily Terminated,CareerBuilder,4 64,5,4,0,02/05/2016,0,8
Ignatius Nicolas Harman,10126,Menikah,Married,P,TKP/ Outsource,Software Architect,Middle,Exceed,ENT,MyPertamina,05/02/1974,Jawa,12/05/2014,,N/A-StillEmployed,Active,CareerBuilder,4 76,5,4,0,15/02/2020,0,5
Ikhsan Dwi Murtiyanto,10127,Menikah,Widowed,L,TKP/ Outsource,Front End Developer,Middle,Exceed,ENT,MyPertamina,01/04/1984,Cina,13/08/2012,,N/A-StillEmployed,Active,Google Search,4 17,4,4,0,11/02/2020,0,1
Ilham Abdul Malik,10128,Belum Menikah,Single,P,TKP/ Outsource,Back End Developer,Junior,Fully meets,EDU,Squad Pijar Sekolah,08/27/72,Jawa,10/01/2011,18/06/2015,hours,Voluntarily Terminated,CareerBuilder,5,5,3,0,30/01/2014,0,15
Ilham Setiabudi,10129,Belum Menikah,Single,L,TKP/ Outsource,Back End Developer,Junior,Need improvement,VGA,IndiBOX Apps,09/14/88,Padang,18/08/2014,,N/A-StillEmployed,Active,Indeed,3 6,4,5,0,30/01/2020,0,9
Inda Novelia,10130,Belum Menikah,Single,P,TKP/ Outsource,Back End Developer,Senior,Fully meets,IHL,IndiBOX STB,02/16/84,Bali,15/08/2011,07/04/2014,relocation out of area,Voluntarily Terminated,Indeed,3 03,3,5,0,05/03/2013,0,16
Indriani Tiosari Sitorus,10131,Menikah,Married,P,TKP/ Outsource,Mobile Developer Android,Junior,Exceed,FIN,Platform,02/21/84,Padang,30/03/2015,,N/A-StillEmployed,Active,Indeed,4 48,4,5,6,03/01/2020,0,4
Iqbal,10132,Menikah,Married,P,TKP/ Outsource,Mobile Developer Android,Junior,Fully meets,EWD,Core Domain,03/17/66,Padang,05/05/2014,,N/A-StillEmployed,Active,LinkedIn,4 5,5,4,0,21/01/2020,0,19
Iqbal Restu Maulana,10133,Menikah,Widowed,P,TKP/ Outsource,Front End Developer,Senior,Average,EWD,Get Support,09/16/85,Padang,16/02/2015,15/04/2017,no-call  no-show,Terminated for Cause,Indeed,3 24,3,3,4,15/04/2016,0,6
Irfan Hafizh Tawakal,10134,Menikah,Widowed,P,TKP/ Outsource,Back End Developer,Junior,Fully meets,EDU,Squad Pijar Sekolah,06/10/1986,Cina,20/02/2012,,N/A-StillEmployed,Active,LinkedIn,4 8,5,4,0,07/01/2020,0,4
Irfan Naufal Ridi,10135,Menikah,Married,P,TKP/ Outsource,Back End Developer,Junior,Exceed,EDU,Squad Service Core,03/11/1984,Cina,06/06/2016,,N/A-StillEmployed,Active,LinkedIn,3,3,5,0,18/01/2020,0,4
Irham Raziqony,10136,Menikah,Widowed,P,TKP/ Outsource,Back End Developer,Junior,Average,EDU,Squad Control Tower,05/07/1992,Bali,05/06/2015,,N/A-StillEmployed,Active,Indeed,4 5,5,3,0,14/02/2020,0,6
Irman Juliansyah,10137,Belum Menikah,Single,P,TKP/ Outsource,System Documentation,Middle,Need improvement,EDU,Squad Service Core,09/22/76,Cina,21/02/2011,01/04/2015,unhappy,Voluntarily Terminated,Google Search,3 72,4,3,0,01/02/2014,0,18
Ismi Dwi Lestari,10138,Belum Menikah,Single,L,TKP/ Outsource,Front End Developer,Junior,Need improvement,COM,UMEETME,11/15/76,Bali,21/02/2011,24/09/2014,unhappy,Voluntarily Terminated,Indeed,2 34,2,2,0,12/04/2013,3,4
Ismi Narti,10139,Belum Menikah,Single,P,Prohire,Front End Developer,Senior,Exceed,IHL,IndiHome Smart,01/28/91,Padang,19/08/2013,,N/A-StillEmployed,Active,Indeed,3 99,4,3,0,14/01/2020,0,14
Jafar Haritsah,10140,Belum Menikah,Single,P,TKP/ Outsource,Back End Developer,Junior,Fully meets,VGA,UseeTV Go,09/11/1972,Cina,05/11/2012,,N/A-StillEmployed,Active,LinkedIn,4 1,4,3,0,17/01/2020,0,7
Jessica Shopia Alussy,10141,Belum Menikah,Single,P,TKP/ Outsource,Mobile Developer Android,Junior,Fully meets,COM,ChatAja,03/22/66,Sunda,30/09/2013,,N/A-StillEmployed,Active,Employee Referral,4 3,4,5,0,22/02/2020,0,7
Jonior Prabowo,10142,Belum Menikah,Single,P,TKP/ Outsource,Mobile Developer Android,Junior,Exceed,LGT,Logee Truck Apps,11/06/1986,Bali,05/07/2011,,N/A-StillEmployed,Active,LinkedIn,4 6,5,4,0,25/02/2020,0,11
Karang Reksa,10143,Menikah,Pernah Menikah/Bercerai,P,TKP/ Outsource,Front End Developer,Junior,Need improvement,EWD,Sales Cycle  ,04/13/64,Sunda,06/01/2014,,N/A-StillEmployed,Active,LinkedIn,5,5,5,0,21/01/2020,0,9
Karina Emelia,10144,Menikah,Widowed,L,Prohire,Scrum Master,Junior,Need improvement,COM,Vutura,08/19/59,Jawa,07/11/2011,29/04/2020,more money,Voluntarily Terminated,CareerBuilder,4 7,5,4,0,14/02/2019,0,9
Kevin Martinda Sodikin,10145,Belum Menikah,Single,P,TKP/ Outsource,DevOps Engineer,Middle,Need improvement,COM,Vutura,11/07/1986,Bali,05/01/2015,,N/A-StillEmployed,Active,Indeed,3 75,4,3,5,11/02/2020,0,2
Khalisa Syahba,10146,Menikah,Married,P,Prohire,Back End Developer,Senior,Average,IHX,Squad B,09/08/1969,Padang,07/07/2014,,N/A-StillEmployed,Active,LinkedIn,4 3,4,3,0,11/01/2020,0,1
Khonsa Qurrotul Ain,10147,Belum Menikah,Single,P,Prohire,Back End Developer,Junior,Fully meets,IHX,Squad C,04/17/86,Jawa,10/01/2011,01/04/2018,unhappy,Voluntarily Terminated,CareerBuilder,4,4,4,0,03/02/2017,0,4
Kushal Choudhary,10148,Menikah,Widowed,P,Prohire,Front End Developer,Middle,Fully meets,EWD,Get Support,11/11/1989,Padang,07/11/2011,24/04/2016,maternity leave - did not return,Voluntarily Terminated,Google Search,4 5,5,5,0,30/03/2014,0,2
Lando Rinov Siahaan,10149,Belum Menikah,Single,L,TKP/ Outsource,Back End Developer,Junior,Need improvement,FIN,Bonum,01/19/76,Cina,30/09/2013,,N/A-StillEmployed,Active,Indeed,3 07,3,4,0,23/01/2020,0,10
Lazuardi Firdaus,10150,Belum Menikah,Single,L,TKP/ Outsource,Back End Developer,Senior,Average,IHL,IndiHome Smart,11/27/79,Sunda,19/08/2013,,N/A-StillEmployed,Active,Indeed,4 3,4,5,0,22/01/2020,0,13
Luluauliayana Sadjugo,10151,Menikah,Married,P,TKP/ Outsource,Back End Developer,Senior,Average,VGA,UseeTV Go,09/21/54,Padang,02/07/2012,,N/A-StillEmployed,Active,Indeed,4 83,5,3,0,17/01/2020,0,10
Luqman Aminullah,10152,Belum Menikah,Single,P,TKP/ Outsource,System Documentation,Middle,Fully meets,FIN,Platform,12/08/1973,Bali,26/09/2011,04/06/2017,more money,Voluntarily Terminated,Google Search,3 6,4,5,0,01/03/2016,0,16
M Aidiel Rachman Putra,10153,Menikah,Pernah Menikah/Bercerai,P,TKP/ Outsource,Scrum Master,Junior,Exceed,COM,ChatAja,10/08/1970,Padang,26/09/2011,09/01/2016,more money,Voluntarily Terminated,Google Search,3 49,3,4,0,30/01/2014,0,6
M Fadli Yoga Prawira,10154,Menikah,Pernah Menikah/Bercerai,L,TKP/ Outsource,Front End Developer,Junior,Exceed,COM,UMEETME,11/10/1977,Sunda,17/02/2014,,N/A-StillEmployed,Active,LinkedIn,3 1,3,3,0,06/02/2020,0,3
M Iqbal,10155,Menikah,Pernah Menikah/Bercerai,L,TKP/ Outsource,Front End Developer,Junior,Special treatment,VGA,Ads Based,02/02/1980,Bali,10/01/2011,,N/A-StillEmployed,Active,Indeed,3 38,3,3,0,21/01/2020,0,17
M Luthfi Ridhwan,10156,Belum Menikah,Single,L,Prohire,Front End Developer,Middle,Exceed,VGA,IndiBOX Apps,02/24/69,Jawa,07/03/2011,,N/A-StillEmployed,Active,Diversity Job Fair,3 65,4,5,0,17/01/2020,0,20
M. Abdurrahman Lathief Pratama,10157,Menikah,Widowed,L,Prohire,Back End Developer,Junior,Fully meets,IHL,IndiHome Music,04/23/86,Sunda,10/11/2014,,N/A-StillEmployed,Active,Employee Referral,4 46,4,5,6,07/01/2020,0,7
M. Afsori,10158,Belum Menikah,Single,L,Prohire,Back End Developer,Junior,Exceed,VGA,UseeTV Go,07/01/1972,Cina,10/01/2011,12/12/2017,attendance,Terminated for Cause,Employee Referral,4 78,5,4,0,15/02/2016,0,9
M. Bahtiar,10159,Belum Menikah,Single,P,Prohire,UI Designer,Junior,Fully meets,EDU,Squad Pijar Corpu,07/25/79,Cina,07/01/2013,31/03/2016,Another position,Voluntarily Terminated,Indeed,4 52,5,3,0,20/02/2015,0,20
M. Ridwan,10160,Belum Menikah,Single,L,TKP/ Outsource,Business Analyst,Middle,Exceed,EDU,Squad Pijar Mahir,12/09/1986,Padang,09/07/2012,,N/A-StillEmployed,Active,LinkedIn,5,5,5,0,04/02/2020,0,13
M. Sifaun Niam,10161,Belum Menikah,Single,L,TKP/ Outsource,Business Analyst,Junior,Special treatment,EWD,Product & Content Management System,04/26/84,Cina,06/01/2014,,N/A-StillEmployed,Active,Website,5,5,4,4,17/01/2020,0,3
M.Khairi Usman,10162,Menikah,Married,L,Prohire,Business Analyst,Junior,Exceed,EWD,Progressive Web App,05/09/1984,Sunda,02/04/2012,15/04/2015,more money,Voluntarily Terminated,Google Search,4 9,5,3,0,20/02/2014,0,20
Magfira Fairuz,10163,Menikah,Married,P,Prohire,Business Analyst,Junior,Exceed,EWD,Activate & Install,06/14/87,Cina,02/10/2016,,N/A-StillEmployed,Active,Indeed,4 1,4,5,7,08/01/2020,0,2
Mahardicka Nurachman,10164,Menikah,Pernah Menikah/Bercerai,P,Prohire,Front End Developer,Junior,Exceed,LGT,Logee Truck Web,01/17/79,Padang,26/09/2011,19/08/2020,return to school,Voluntarily Terminated,CareerBuilder,4 88,5,3,0,02/07/2018,0,17
Maman Imtiyaz,10165,Belum Menikah,Single,L,TKP/ Outsource,Back End Developer,Junior,Exceed,IHX,Squad B,06/10/1984,Sunda,05/01/2016,,N/A-StillEmployed,Active,CareerBuilder,4 1,4,4,0,28/01/2020,0,20
Mauliawan Prima Santosa,10166,Menikah,Married,L,TKP/ Outsource,UX Designer,Junior,Fully meets,VGA,IndiBOX Apps,09/02/1982,Sunda,14/05/2012,,N/A-StillEmployed,Active,Google Search,4 1,4,3,0,22/02/2020,0,10
Meidiana Aprilliani,10167,Menikah,Widowed,L,TKP/ Outsource,Front End Developer,Junior,Exceed,VGA,UseeTV Go,12/27/88,Bali,30/04/2012,,N/A-StillEmployed,Active,Website,4 53,5,3,0,29/01/2020,0,16
Mesakh,10168,Menikah,Widowed,P,TKP/ Outsource,Product Owner,Junior,Average,LGT,Logee Truck Apps,10/26/81,Cina,30/09/2013,,N/A-StillEmployed,Active,Website,4 1,4,3,0,21/01/2020,0,11
Mochamad Ramdhan,10169,Menikah,Widowed,P,TKP/ Outsource,Scrum Master,Middle,Special treatment,EDU,Squad Pijar Sekolah,03/26/81,Padang,05/07/2011,26/09/2020,unhappy,Voluntarily Terminated,Indeed,3 18,3,4,0,02/03/2019,0,16
Moh Anang Nur Aji Pambudi,10170,Menikah,Married,L,Prohire,UX Researcher,Junior,Fully meets,EDU,Squad Pijar Sekolah,03/19/79,Cina,08/07/2013,,N/A-StillEmployed,Active,LinkedIn,4,4,3,0,18/02/2020,0,7
Mohamad Rinaldy,10171,Menikah,Pernah Menikah/Bercerai,P,Prohire,Front End Developer,Middle,Need improvement,EDU,Squad Pijar Sekolah,10/05/1988,Bali,21/01/2011,,N/A-StillEmployed,Active,Diversity Job Fair,4 64,5,4,5,25/01/2020,0,14
Mohammad Alhafidz Permana Baskoro,10172,Menikah,Married,P,TKP/ Outsource,Digital Product Manager,Junior,Special treatment,ENT,MyPertamina,12/26/76,Padang,08/07/2013,15/09/2018,more money,Voluntarily Terminated,LinkedIn,4 65,5,4,0,10/06/2017,0,15
Mohammad Zamal Syahputra,10173,Menikah,Pernah Menikah/Bercerai,P,TKP/ Outsource,Digital Product Manager,Junior,Fully meets,HLT,Pre Vaksinasi,03/28/82,Padang,19/08/2013,,N/A-StillEmployed,Active,Indeed,4 2,4,4,0,12/02/2020,0,19
Mohammed Ammad,10174,Belum Menikah,Single,P,TKP/ Outsource,UI Designer,Senior,Fully meets,COM,ChatAja,10/22/75,Bali,16/02/2015,,N/A-StillEmployed,Active,Website,5,5,3,0,23/01/2020,0,6
Mona Turisna Nasution,10175,Belum Menikah,Single,P,TKP/ Outsource,UI Designer,Junior,Average,VGA,UseeTV Go,02/14/73,Cina,07/11/2011,14/11/2017,Another position,Voluntarily Terminated,Diversity Job Fair,5,5,4,0,02/02/2016,0,17
Muhamad,10176,Menikah,Married,L,TKP/ Outsource,Back End Developer,Junior,Average,FIN,MPS,11/09/1972,Sunda,24/09/2012,26/09/2019,hours,Voluntarily Terminated,Indeed,3 08,3,4,0,01/04/2018,0,18
Muhamad Hanif Abiyoga,10177,Belum Menikah,Single,P,TKP/ Outsource,Back End Developer,Junior,Average,IHX,Squad A,07/07/1986,Sunda,06/01/2014,,N/A-StillEmployed,Active,LinkedIn,4 6,5,4,0,26/02/2020,0,14
Muhamad Son'ani,10178,Menikah,Married,P,TKP/ Outsource,Back End Developer,Senior,Exceed,FIN,Platform,08/25/76,Cina,11/05/2016,,N/A-StillEmployed,Active,LinkedIn,5,5,3,0,21/01/2020,0,4
Muhamad Syaifurrahman Muhtarom,10179,Belum Menikah,Single,P,TKP/ Outsource,Front End Developer,Junior,Exceed,ENT,HunianAja,12/10/1986,Cina,05/07/2011,19/08/2014,Another position,Voluntarily Terminated,LinkedIn,5,5,4,0,02/07/2013,0,16
Muhammad Abdurrahim Suwandi,10180,Belum Menikah,Single,P,TKP/ Outsource,Product Owner,Junior,Fully meets,Com,DTP Com,11/07/1974,Jawa,11/11/2013,,N/A-StillEmployed,Active,LinkedIn,4 1,4,3,0,22/01/2020,0,11
Muhammad Afthon,10181,Menikah,Pernah Menikah/Bercerai,P,Prohire,Product Owner,Middle,Special treatment,COM,UMEETME,11/07/1987,Cina,11/11/2013,,N/A-StillEmployed,Active,Google Search,4 5,5,5,4,14/01/2020,0,14
Muhammad Agiet Putra,10182,Belum Menikah,Single,P,Prohire,Product Owner,Middle,Exceed,EWD,Get Support,11/22/77,Jawa,31/05/2011,,N/A-StillEmployed,Active,Indeed,5,5,4,0,10/01/2020,0,8
Muhammad Akmalul Ginan,10183,Menikah,Widowed,P,TKP/ Outsource,Business Analyst,Junior,Exceed,FIN,GTM,05/21/87,Bali,30/03/2015,,N/A-StillEmployed,Active,LinkedIn,5,5,5,0,07/02/2020,0,16
Muhammad Andika Tata,10184,Belum Menikah,Single,P,TKP/ Outsource,Business Analyst,Junior,Fully meets,ENT,MyPertamina,01/07/1987,Jawa,07/01/2013,,N/A-StillEmployed,Active,CareerBuilder,3 93,4,3,0,30/01/2020,0,20
Muhammad Attallah Zhuhry,10185,Menikah,Married,L,TKP/ Outsource,Product Owner,Middle,Average,FIN,Bonum,07/01/1984,Cina,06/07/2016,,N/A-StillEmployed,Active,Website,3 4,3,4,0,29/01/2020,0,7
Muhammad Faishal Ramadhan,10186,Menikah,Pernah Menikah/Bercerai,P,TKP/ Outsource,Business Analyst,Junior,Exceed,COM,UMEETME,05/30/68,Jawa,02/04/2012,11/11/2018,Another position,Voluntarily Terminated,Diversity Job Fair,4 18,4,4,0,05/02/2017,0,17
Muhammad Fauzi,10187,Belum Menikah,Single,P,TKP/ Outsource,Business Analyst,Junior,Average,FIN,Inpoin,09/22/76,Padang,30/03/2015,,N/A-StillEmployed,Active,CareerBuilder,5,5,4,0,21/01/2020,0,10
Muhammad Febriansyah,10188,Menikah,Married,L,Karyawan Organik,Business Analyst,Middle,Fully meets,IHX,Squad B,08/10/1981,Jawa,16/08/2012,,N/A-StillEmployed,Active,Indeed,4 37,4,3,0,14/01/2020,0,2
Muhammad Ilham Rilambang,10189,Belum Menikah,Single,L,Karyawan Organik,Product Owner,Junior,Exceed,EWD,Explore,06/29/85,Cina,15/08/2011,04/09/2016,unhappy,Voluntarily Terminated,LinkedIn,3,3,2,0,14/01/2014,6,6
Muhammad Indrawan,10190,Menikah,Widowed,L,TKP/ Outsource,Product Owner,Middle,Average,COM,ChatAja,08/17/92,Cina,07/11/2011,,N/A-StillEmployed,Active,LinkedIn,3 7,4,3,0,08/01/2020,0,14
Muhammad Jamaludin,10191,Menikah,Pernah Menikah/Bercerai,L,TKP/ Outsource,Product Owner,Junior,Average,COM,OCA,10/05/1986,Jawa,15/02/2012,,N/A-StillEmployed,Active,Diversity Job Fair,2 39,2,3,6,22/02/2020,4,13
Muhammad Maulana Darrel Monty,10192,Belum Menikah,Single,P,TKP/ Outsource,Business Analyst,Junior,Fully meets,FIN,GTM,04/24/70,Padang,13/05/2013,,N/A-StillEmployed,Active,Indeed,4 7,5,3,0,14/01/2020,0,1
Muhammad Maulana Hadi,10193,Menikah,Married,L,TKP/ Outsource,Product Owner,Junior,Fully meets,FIN,GTM,12/03/1976,Bali,09/01/2012,,N/A-StillEmployed,Active,Diversity Job Fair,4 1,4,4,0,31/01/2020,0,12
Muhammad Misbah Arya Lugina,10194,Menikah,Pernah Menikah/Bercerai,P,TKP/ Outsource,UI Designer,Junior,Average,FIN,Inpoin,04/04/1979,Sunda,16/02/2015,,N/A-StillEmployed,Active,CareerBuilder,3 81,4,3,6,11/02/2020,0,6
Muhammad Raihan Nismara,10195,Belum Menikah,Single,P,TKP/ Outsource,UX Designer,Junior,Average,EDU,Squad Pijar Corpu,07/07/1984,Padang,01/04/2013,,N/A-StillEmployed,Active,LinkedIn,4 4,4,4,0,17/01/2020,0,18
Muhammad Rajab Priharsanto,10196,Belum Menikah,Single,L,TKP/ Outsource,UI Designer,Junior,Average,EDU,Squad Pijar Mahir,12/01/1974,Sunda,13/05/2013,,N/A-StillEmployed,Active,LinkedIn,4 29,4,5,0,28/01/2020,0,11
Muhammad Risano Akbar,10197,Belum Menikah,Single,L,TKP/ Outsource,UX Designer,Junior,Fully meets,EWD,Delivery & Project Mgt,04/18/80,Jawa,08/07/2013,,N/A-StillEmployed,Active,LinkedIn,4 1,4,4,0,22/01/2020,0,13
Muhammad Rizki Nofsyiami,10198,Menikah,Pernah Menikah/Bercerai,L,TKP/ Outsource,UI Designer,Junior,Need improvement,EWD,Refactoring New IA,04/25/70,Padang,10/02/2017,,N/A-StillEmployed,Active,Indeed,5,5,3,6,25/02/2020,0,17
Muhammad Rizqi Mubarak,10199,Belum Menikah,Single,L,TKP/ Outsource,UI Designer,Junior,Exceed,ENT,MyPertamina,05/02/1989,Jawa,26/09/2011,04/04/2016,return to school,Voluntarily Terminated,Diversity Job Fair,4 3,4,3,0,02/03/2014,0,19
Muhammad Rozinul Mahrus,10200,Menikah,Married,L,TKP/ Outsource,UX Designer,Middle,Average,EDU,Squad Service Core,03/28/83,Bali,01/04/2013,25/05/2018,more money,Voluntarily Terminated,Employee Referral,3 18,3,3,0,06/03/2017,0,10
Muhammad Sidiq,10201,Menikah,Widowed,L,TKP/ Outsource,UI Designer,Middle,Average,COM,UMEETME,04/08/1977,Bali,12/05/2014,,N/A-StillEmployed,Active,LinkedIn,5,5,5,0,18/02/2020,0,11
Nabilla,10202,Menikah,Widowed,P,TKP/ Outsource,UX Writer,Junior,Fully meets,Com,DTP Com,06/03/1967,Sunda,01/04/2013,,N/A-StillEmployed,Active,Diversity Job Fair,4,4,3,0,13/02/2020,0,12
Nanda Yusuf,10203,Menikah,Widowed,P,TKP/ Outsource,UX Designer,Junior,Average,COM,UMEETME,03/31/89,Jawa,08/07/2013,,N/A-StillEmployed,Active,Indeed,5,5,5,0,25/01/2020,0,2
Naufal Rasyad,10204,Belum Menikah,Single,P,TKP/ Outsource,UX Writer,Junior,Fully meets,EDU,Squad Pijar Corpu,07/07/1984,Bali,08/07/2013,,N/A-StillEmployed,Active,LinkedIn,3 6,4,5,0,02/01/2020,0,4
Naufal Rizky Pratama,10205,Menikah,Widowed,P,TKP/ Outsource,Artificial Intelligent,Junior,Average,EDU,Squad Pijar Mahir,11/23/85,Cina,10/11/2014,,N/A-StillEmployed,Active,Indeed,4 53,5,5,0,16/01/2020,0,5
Nila Herlina,10206,Belum Menikah,Single,P,Prohire,UI Designer,Junior,Exceed,IHX,Squad C,09/30/80,Bali,31/03/2014,01/05/2020,performance,Terminated for Cause,LinkedIn,2 33,2,2,0,09/03/2019,6,3
Nurisyani,10207,Menikah,Married,P,Prohire,Back End Developer,Junior,Average,LGT,Logee Truck All Product,02/11/1952,Bali,14/05/2012,19/08/2015,unhappy,Voluntarily Terminated,LinkedIn,5,5,3,0,02/07/2014,0,17
Nurkhasanah,10208,Belum Menikah,Single,P,Prohire,Back End Developer,Junior,Need improvement,COM,OCA,05/11/1990,Sunda,30/09/2013,,N/A-StillEmployed,Active,Indeed,4 28,4,3,0,25/01/2020,0,1
Peni Kurniawati,10209,Belum Menikah,Single,L,Prohire,Front End Developer,Junior,Fully meets,FIN,Platform,12/11/1976,Padang,30/09/2013,,N/A-StillEmployed,Active,LinkedIn,5,5,3,0,07/02/2020,0,13
Prajna Vira,10210,Belum Menikah,Single,L,Prohire,Front End Developer,Junior,Fully meets,FIN,Platform,11/24/79,Bali,17/02/2014,,N/A-StillEmployed,Active,LinkedIn,4 25,4,3,0,04/02/2020,4,6
Pratama Agung Sumirat,10211,Belum Menikah,Single,L,Prohire,Front End Developer,Junior,Exceed,FIN,Platform,05/19/82,Cina,05/01/2015,,N/A-StillEmployed,Active,Website,5,5,5,0,14/01/2020,0,18
Prita Normanita,10212,Belum Menikah,Single,P,Prohire,Front End Developer,Junior,Average,ENT,MyPertamina,05/01/1979,Bali,07/02/2011,12/01/2016,Another position,Voluntarily Terminated,Google Search,3 89,4,4,0,04/03/2014,0,7
Qaedif Fuadillah,10213,Menikah,Pernah Menikah/Bercerai,L,TKP/ Outsource,Back End Developer,Junior,Special treatment,COM,UMEETME,02/20/79,Jawa,07/11/2011,07/09/2017,Another position,Voluntarily Terminated,Diversity Job Fair,5,5,5,3,16/08/2016,0,13
Qalfin Qallista Turandy,10214,Menikah,Pernah Menikah/Bercerai,L,TKP/ Outsource,Mobile Developer Android,Middle,Average,EWD,RPA & Profitability,09/05/1984,Jawa,01/12/2014,01/05/2018,performance,Voluntarily Terminated,Employee Referral,4 7,5,4,5,16/01/2017,0,19
R Aditya Prastyawan,10215,Belum Menikah,Single,L,TKP/ Outsource,Back End Developer,Junior,Exceed,EDU,Squad Pijar Mahir,03/17/88,Cina,10/01/2011,28/12/2019,career change,Voluntarily Terminated,Google Search,3 54,4,5,0,06/04/2018,4,15
R. Abimanyu Sutomo,10216,Menikah,Pernah Menikah/Bercerai,P,TKP/ Outsource,Back End Developer,Senior,Exceed,ENT,HunianAja,07/18/89,Cina,05/07/2011,15/09/2017,unhappy,Voluntarily Terminated,CareerBuilder,2 4,2,5,0,06/02/2016,5,2
Rachman Teja,10217,Menikah,Married,P,Karyawan Organik,Back End Developer,Junior,Exceed,LGT,Logee Port (Maintainer),07/20/86,Padang,16/05/2011,25/10/2017,medical issues,Voluntarily Terminated,LinkedIn,3 45,3,4,0,13/05/2015,0,5
Raden Syamsa Nur Ashari Mahmud,10218,Menikah,Widowed,P,Karyawan Organik,Front End Developer,Senior,Average,LGT,Logee Truck All Product,08/17/86,Cina,16/05/2011,04/02/2015,more money,Voluntarily Terminated,Indeed,4 2,4,5,0,10/01/2014,0,12
Rahadian Ardya K,10219,Menikah,Pernah Menikah/Bercerai,P,Prohire,Back End Developer,Middle,Fully meets,EWD,Sales Cycle   ,05/09/1977,Padang,25/10/2010,18/05/2018,Another position,Voluntarily Terminated,Indeed,4 16,4,5,0,05/03/2016,0,6
Rahardian Agung Wardana,10220,Belum Menikah,Single,P,Prohire,Mobile Developer Android,Middle,Need improvement,LGT,Logee Port,03/10/1979,Bali,02/04/2012,,N/A-StillEmployed,Active,LinkedIn,4 3,4,3,0,14/01/2020,0,14
Rahmat Agus Nuryady,10221,Belum Menikah,Single,P,TKP/ Outsource,Back End Developer,Middle,Fully meets,HLT,PeduliLindungi,09/16/84,Sunda,10/11/2014,,N/A-StillEmployed,Active,Employee Referral,4 6,5,5,7,04/01/2020,0,16
Rahmat Prastyo,10222,Belum Menikah,Single,L,TKP/ Outsource,Back End Developer,Middle,Exceed,FIN,Platform,03/06/1988,Sunda,05/07/2011,30/11/2014,more money,Voluntarily Terminated,Google Search,5,5,3,0,20/02/2013,0,13
Rahmat Saefullah,10223,Belum Menikah,Single,L,TKP/ Outsource,Back End Developer,Middle,Exceed,COM,UMEETME,11/23/81,Sunda,05/11/2007,,N/A-StillEmployed,Active,Google Search,3 66,4,3,0,25/02/2020,0,15
Rani Triani Gustia,10224,Menikah,Widowed,P,TKP/ Outsource,Back End Developer,Middle,Exceed,COM,UMEETME,08/29/88,Sunda,09/01/2012,,N/A-StillEmployed,Active,Website,4 2,4,5,0,01/02/2020,0,9
Rd Muhamad Rahadi Sampurna,10225,Menikah,Married,P,TKP/ Outsource,Front End Developer,Junior,Average,EDU,Squad Control Tower,10/15/84,Padang,16/05/2011,04/06/2020,Another position,Voluntarily Terminated,Google Search,3 17,3,4,0,02/04/2019,0,14
Refal Pradama Dahlan,10226,Belum Menikah,Single,L,TKP/ Outsource,Back End Developer,Middle,Average,EDU,Squad Pijar Sekolah,06/19/61,Bali,06/01/2014,,N/A-StillEmployed,Active,Employee Referral,4 8,5,3,0,07/01/2020,0,14
Rendy Kenan Eliazar,10227,Menikah,Widowed,P,TKP/ Outsource,Back End Developer,Senior,Average,IHX,Squad B,09/22/70,Jawa,24/09/2012,18/06/2015,unhappy,Voluntarily Terminated,Indeed,4 5,5,5,0,02/04/2014,0,16
Renita Dewi,10228,Menikah,Pernah Menikah/Bercerai,L,Prohire,Front End Developer,Middle,Fully meets,IHX,Squad C,11/06/1984,Jawa,21/02/2011,15/08/2017,career change,Voluntarily Terminated,Diversity Job Fair,4 15,4,4,0,19/04/2015,0,4
Resskytha Permata Sari,10229,Belum Menikah,Single,P,Prohire,Front End Developer,Senior,Average,IHX,Squad D,05/12/1980,Padang,02/10/2016,,N/A-StillEmployed,Active,Indeed,4 4,4,4,6,06/02/2020,0,10
Reva Histro Wiki Fonseca,10230,Menikah,Married,L,TKP/ Outsource,Back End Developer,Middle,Fully meets,IHX,Squad A,12/31/84,Padang,26/09/2011,07/04/2020,more money,Voluntarily Terminated,Indeed,3 8,4,5,0,04/02/2019,0,19
Rheznandya Daffi Pradipta,10231,Belum Menikah,Single,L,Prohire,Mobile Developer Android,Middle,Average,EWD,Data & Dashboard Analytics,10/12/1954,Jawa,12/05/2014,,N/A-StillEmployed,Active,CareerBuilder,3 98,4,3,0,28/01/2020,0,4
Rian Sopiyan,10232,Belum Menikah,Single,L,Prohire,System Documentation,Junior,Exceed,EWD,Payment - SSOF,07/22/82,Bali,16/05/2011,15/01/2018,retiring,Voluntarily Terminated,LinkedIn,5,5,4,0,30/03/2016,0,11
Rivano Dwi Hervan,10233,Menikah,Widowed,P,TKP/ Outsource,Front End Developer,Middle,Average,FIN,MPS,01/12/1973,Jawa,28/11/2011,,N/A-StillEmployed,Active,Google Search,4 36,4,5,0,11/02/2020,0,16
Rizal Prasetya Nugraha,10234,Belum Menikah,Single,P,TKP/ Outsource,Front End Developer,Junior,Exceed,COM,UMEETME,09/05/1981,Padang,26/09/2011,22/10/2013,return to school,Voluntarily Terminated,Google Search,4 5,5,4,0,22/10/2012,0,10
Rizka Annisa Kurniasari,10235,Menikah,Widowed,L,TKP/ Outsource,Front End Developer,Junior,Exceed,EDU,Squad Control Tower,07/03/1972,Sunda,05/07/2011,08/02/2014,Another position,Voluntarily Terminated,Indeed,4 2,4,5,0,06/01/2013,0,13
Rizky Febrianto,10236,Menikah,Married,L,TKP/ Outsource,Front End Developer,Junior,Fully meets,EDU,Squad Pijar Corpu,01/07/1974,Jawa,10/01/2011,26/01/2018,attendance,Voluntarily Terminated,Indeed,5,5,3,0,10/01/2016,0,11
Rizky Ramadhan Subagio,10237,Belum Menikah,Single,P,TKP/ Outsource,Front End Developer,Junior,Average,EWD,Explore,01/07/1985,Jawa,10/01/2011,17/05/2018,attendance,Terminated for Cause,Indeed,3 6,4,3,0,05/04/2017,4,16
Rudi Indra Putranto,10238,Belum Menikah,Single,L,TKP/ Outsource,Front End Developer,Middle,Fully meets,EWD,Product & Content Management System,01/28/85,Padang,08/07/2013,,N/A-StillEmployed,Active,Employee Referral,3 6,4,5,0,11/02/2020,0,4
Ryan Brama,10239,Belum Menikah,Single,P,TKP/ Outsource,Back End Developer,Middle,Average,EWD,Progressive Web App,10/11/1981,Cina,16/02/2015,,N/A-StillEmployed,Active,Employee Referral,3 69,4,5,6,14/02/2020,0,15
Salma Adilah Putri,10240,Menikah,Married,P,TKP/ Outsource,Back End Developer,Middle,Average,VGA,Ads Based,05/27/73,Cina,05/01/2015,10/11/2020,Another position,Voluntarily Terminated,LinkedIn,3 88,4,3,7,13/02/2019,0,12
Salma Rizqi Fadhila,10241,Menikah,Married,P,TKP/ Outsource,Front End Developer,Middle,Exceed,VGA,IndiBOX Apps,11/21/72,Cina,07/01/2017,,N/A-StillEmployed,Active,Indeed,4 94,5,3,5,06/02/2020,0,17
Salsabila Nur Fitria,10242,Menikah,Widowed,P,Prohire,Mobile Developer Android,Middle,Fully meets,VGA,UseeTV Go,12/05/1974,Cina,06/01/2014,,N/A-StillEmployed,Active,Website,5,5,4,0,31/01/2020,0,8
Samnursanto,10243,Belum Menikah,Single,L,TKP/ Outsource,Mobile Developer Android,Middle,Average,ENT,MyPertamina,03/18/87,Sunda,04/04/2011,13/08/2020,Another position,Voluntarily Terminated,Google Search,5,5,5,0,02/07/2019,0,4
Sarah Mutia Putri,10244,Menikah,Married,L,Prohire,Back End Developer,Middle,Average,FIN,Bonum,04/05/1973,Padang,20/01/2013,,N/A-StillEmployed,Active,Indeed,3 6,4,5,7,18/02/2020,0,13
Sayed Muzammil,10245,Belum Menikah,Single,L,Prohire,Mobile Developer Android,Middle,Exceed,COM,Vutura,01/04/1964,Cina,09/01/2012,04/11/2017,hours,Voluntarily Terminated,Diversity Job Fair,4 3,4,4,6,04/01/2016,0,8
Setiawan Restu Aji,10246,Menikah,Widowed,P,Prohire,Mobile Developer Android,Middle,Need improvement,HLT,PeduliLindungi,07/24/86,Bali,05/11/2012,,N/A-StillEmployed,Active,Indeed,4 2,4,3,6,13/02/2020,0,2
Shabrina Fitri Ningtyas,10247,Belum Menikah,Single,P,Prohire,Mobile Developer iOS,Middle,Fully meets,VGA,IndiBOX Apps,06/06/1968,Padang,04/07/2016,,N/A-StillEmployed,Active,Diversity Job Fair,2 6,3,4,0,18/02/2020,5,4
Shania Tri Sakanti,10248,Menikah,Widowed,L,TKP/ Outsource,Back End Developer,Junior,Need improvement,EDU,Squad Pijar Corpu,12/21/74,Cina,05/01/2009,30/07/2020,relocation out of area,Voluntarily Terminated,Google Search,4 6,5,5,0,05/02/2019,0,7
Shelly Ciptantiani,10249,Belum Menikah,Single,L,TKP/ Outsource,Back End Developer,Junior,Fully meets,EDU,Squad Pijar Mahir,04/26/86,Padang,30/08/2010,,N/A-StillEmployed,Active,CareerBuilder,4 1,4,3,0,10/01/2020,0,13
Shepthia Dwina Suwandi,10250,Menikah,Widowed,L,Prohire,Front End Developer,Junior,Special treatment,EDU,Squad Service Core,12/17/87,Jawa,05/01/2015,31/10/2017,hours,Voluntarily Terminated,LinkedIn,4 2,4,3,5,20/04/2016,0,2
Slamet Rahayu,10251,Belum Menikah,Single,P,Prohire,Back End Developer,Junior,Average,HLT,PeduliLindungi,07/10/1988,Jawa,29/09/2014,,N/A-StillEmployed,Active,LinkedIn,3 51,4,3,0,18/02/2020,0,2
Sony Kusuma Istri,10252,Belum Menikah,Single,P,Prohire,Front End Developer,Junior,Need improvement,HLT,Vaksinasi,03/10/1975,Jawa,30/09/2013,,N/A-StillEmployed,Active,Google Search,5,5,5,0,06/02/2020,0,14
Sourabh Sharma,10253,Belum Menikah,Single,P,Prohire,Front End Developer,Junior,Average,IHX,Squad C,04/14/81,Cina,30/09/2014,,N/A-StillEmployed,Active,LinkedIn,3 31,3,3,6,07/01/2020,0,7
Sri Reski Anita Muhsini,10254,Menikah,Pernah Menikah/Bercerai,P,TKP/ Outsource,Back End Developer,Junior,Average,COM,ChatAja,08/24/85,Sunda,19/08/2013,,N/A-StillEmployed,Active,LinkedIn,4 81,5,4,0,15/02/2020,0,15
Sulala Rugaya,10255,Menikah,Widowed,L,TKP/ Outsource,DevOps Engineer,Junior,Fully meets,COM,UMEETME,02/08/1970,Sunda,05/01/2015,,N/A-StillEmployed,Active,Employee Referral,3 32,3,3,7,14/01/2020,0,16
Syaukat Rafifidhiya Zubaidi,10256,Belum Menikah,Single,P,TKP/ Outsource,Front End Developer,Junior,Average,FIN,MPS,05/19/88,Sunda,01/05/2015,,N/A-StillEmployed,Active,Website,5,5,3,5,15/01/2020,0,2
Tamie Mauretta,10257,Menikah,Married,P,TKP/ Outsource,Back End Developer,Junior,Exceed,IHX,Squad B,11/25/87,Cina,26/10/2009,08/04/2017,maternity leave - did not return,Voluntarily Terminated,CareerBuilder,4 68,5,4,0,02/04/2016,0,20
Thalita Aprilla Rachma Dara,10258,Menikah,Widowed,L,Prohire,Back End Developer,Junior,Fully meets,IHX,Squad D,10/30/63,Jawa,29/09/2014,,N/A-StillEmployed,Active,Indeed,4 3,4,3,0,28/01/2020,0,4
Tri Lika Jayanti Budi Ranti,10259,Belum Menikah,Single,L,Prohire,System Documentation,Junior,Exceed,VGA,IndiBOX Apps,08/16/84,Cina,18/05/2014,,N/A-StillEmployed,Active,Diversity Job Fair,2 4,2,4,0,16/01/2020,2,16
Try Satria Amanattullah,10260,Menikah,Pernah Menikah/Bercerai,P,Prohire,Front End Developer,Junior,Exceed,ENT,MyPertamina,06/14/87,Padang,26/09/2011,25/09/2015,career change,Voluntarily Terminated,Diversity Job Fair,3 8,4,4,4,15/08/2014,0,17
Trya Lovenia,10261,Belum Menikah,Single,P,Prohire,Back End Developer,Junior,Need improvement,VGA,Ads Based,02/02/1965,Bali,11/11/2013,,N/A-StillEmployed,Active,Employee Referral,3 73,4,3,0,24/01/2020,0,16
Ulfah Nuraeni,10262,Belum Menikah,Single,P,Prohire,Back End Developer,Junior,Average,VGA,UseeTV Go,03/12/1973,Jawa,10/06/2011,,N/A-StillEmployed,Active,LinkedIn,4 3,4,3,5,08/02/2020,0,19
Vanda Ayu Nintyas,10263,Belum Menikah,Single,L,TKP/ Outsource,Back End Developer,Junior,Exceed,VGA,UseeTV Go,02/09/1983,Padang,30/06/2016,,N/A-StillEmployed,Active,LinkedIn,3 27,3,4,5,14/01/2020,0,13
Verina Riska,10264,Menikah,Married,P,TKP/ Outsource,Front End Developer,Senior,Average,COM,ChatAja,07/20/68,Bali,20/02/2012,,N/A-StillEmployed,Active,Indeed,2 4,2,2,1,25/02/2020,6,20
Wahyu Widi Purwoko,10265,Menikah,Pernah Menikah/Bercerai,P,TKP/ Outsource,Back End Developer,Senior,Exceed,IHX,Squad A,09/30/75,Padang,02/10/2012,,N/A-StillEmployed,Active,LinkedIn,4 83,5,5,0,14/02/2020,0,15
Wawan Agus Hendrayadi,10266,Belum Menikah,Single,P,TKP/ Outsource,Back End Developer,Senior,Average,COM,UMEETME,03/26/73,Bali,13/05/2013,29/06/2017,unhappy,Voluntarily Terminated,LinkedIn,4 1,4,4,0,02/03/2016,0,16
Widayat Tri Raharjo,10267,Menikah,Pernah Menikah/Bercerai,P,TKP/ Outsource,Front End Developer,Junior,Fully meets,ENT,NETMONK,08/25/82,Padang,10/01/2011,,N/A-StillEmployed,Active,Google Search,4 1,4,4,0,07/02/2020,0,9
Widdesto Ari Yudistiro,10268,Menikah,Pernah Menikah/Bercerai,L,TKP/ Outsource,Front End Developer,Junior,Average,FIN,Bonum,05/09/1974,Jawa,12/05/2014,,N/A-StillEmployed,Active,Website,1 81,2,2,0,17/01/2020,3,5
Wina Klarissa Salsabila,10269,Belum Menikah,Single,L,TKP/ Outsource,Back End Developer,Senior,Average,COM,ChatAja,09/01/1986,Jawa,29/09/2014,,N/A-StillEmployed,Active,Indeed,3 9,4,5,5,18/01/2020,0,9
Winda Devita,10270,Belum Menikah,Single,L,TKP/ Outsource,Mobile Developer Android,Junior,Average,FIN,Bonum,03/14/85,Bali,17/02/2014,,N/A-StillEmployed,Active,LinkedIn,4 7,5,3,0,11/01/2020,0,4
Yanuar Ramadhani Achmadianto,10271,Belum Menikah,Single,P,TKP/ Outsource,Back End Developer,Senior,Exceed,IHX,Squad A,05/12/1989,Jawa,27/09/2010,,N/A-StillEmployed,Active,Indeed,4 1,4,4,0,31/01/2020,0,18
Yehezkiel Dwisandi Sabana,10272,Menikah,Married,P,Prohire,Mobile Developer Android,Senior,Special treatment,IHX,Squad D,03/28/78,Sunda,08/01/2009,,N/A-StillEmployed,Active,Indeed,3 73,4,4,0,24/01/2020,0,12
Yobel Galih Christian Dwiatma,10273,Menikah,Married,L,TKP/ Outsource,Mobile Developer Android,Senior,Fully meets,EWD,Payment - SSOF,10/07/1982,Padang,05/01/2015,,N/A-StillEmployed,Active,Google Search,4 36,4,5,0,24/01/2020,0,10
Yoga R Nuraziz,10274,Belum Menikah,Single,P,TKP/ Outsource,Back End Developer,Middle,Special treatment,COM,UMEETME,08/15/68,Cina,14/05/2012,,N/A-StillEmployed,Active,Indeed,3 4,3,5,0,31/01/2020,0,13
Yogi Prasetya,10275,Menikah,Pernah Menikah/Bercerai,L,Prohire,Back End Developer,Middle,Average,COM,ChatAja,05/06/1983,Sunda,07/07/2014,,N/A-StillEmployed,Active,LinkedIn,4 5,5,5,5,18/02/2020,0,1
Yohanes Dwiki Kurniawan,10276,Menikah,Pernah Menikah/Bercerai,L,TKP/ Outsource,Back End Developer,Senior,Exceed,Com,DTP Com,10/24/87,Cina,20/04/2017,,N/A-StillEmployed,Active,Indeed,3 4,3,3,6,02/01/2020,0,14
Yoyon Syafei,10277,Menikah,Pernah Menikah/Bercerai,P,TKP/ Outsource,Front End Developer,Junior,Need improvement,COM,Vutura,04/03/1975,Bali,27/04/2009,01/04/2015,Another position,Voluntarily Terminated,Diversity Job Fair,4 5,5,5,0,15/02/2013,0,11
Yuda Eka Putra,10278,Menikah,Widowed,P,TKP/ Outsource,System Documentation,Junior,Special treatment,EWD,Evaluate,05/24/53,Cina,16/05/2011,08/07/2019,Another position,Voluntarily Terminated,Google Search,3 93,4,3,0,18/04/2018,0,3
Yudhistira Rizky Ananda,10279,Menikah,Widowed,P,TKP/ Outsource,System Documentation,Middle,Exceed,EWD,Pay,05/07/1965,Padang,29/09/2014,,N/A-StillEmployed,Active,Indeed,3 69,4,3,0,28/01/2020,0,18
Yudi Suyudiana,10280,Menikah,Pernah Menikah/Bercerai,P,TKP/ Outsource,Back End Developer,Middle,Average,EDU,Squad Pijar Sekolah,05/09/1965,Padang,05/07/2011,05/09/2018,return to school,Voluntarily Terminated,Indeed,3 98,4,4,0,02/03/2017,0,1
Yudi Widiawan,10281,Belum Menikah,Single,L,TKP/ Outsource,Back End Developer,Junior,Exceed,EDU,Squad Service Core,09/16/75,Sunda,25/06/2007,30/08/2012,military,Voluntarily Terminated,Other,4 1,4,4,0,14/07/2011,0,15
Yuni Nuraeni,10282,Menikah,Widowed,P,TKP/ Outsource,Back End Developer,Junior,Fully meets,EDU,Squad Control Tower,06/05/1967,Padang,18/02/2013,,N/A-StillEmployed,Active,Indeed,4 21,4,5,0,14/01/2020,0,4
Yusril Firza,10283,Belum Menikah,Single,L,TKP/ Outsource,Back End Developer,Middle,Fully meets,EDU,Squad Pijar Corpu,01/15/68,Padang,09/01/2006,,N/A-StillEmployed,Active,Indeed,4 1,4,3,0,04/01/2020,0,6
Yusril Iqbal,10284,Menikah,Widowed,P,TKP/ Outsource,Back End Developer,Junior,Average,LGT,Logee Port,05/16/83,Bali,17/02/2014,,N/A-StillEmployed,Active,LinkedIn,2 44,2,5,0,11/02/2020,4,18
Zahrah,10285,Belum Menikah,Single,L,TKP/ Outsource,Front End Developer,Junior,Exceed,EDU,Squad Pijar Mahir,05/05/1988,Cina,05/01/2015,12/02/2018,medical issues,Voluntarily Terminated,CareerBuilder,5,5,3,5,15/04/2016,0,11
Zharfan Nugraha Permadi,10286,Menikah,Married,L,TKP/ Outsource,Back End Developer,Junior,Exceed,EDU,Squad Pijar Mahir,06/14/83,Bali,18/02/2013,15/04/2020,medical issues,Voluntarily Terminated,Diversity Job Fair,4 6,5,3,4,12/02/2018,0,9
Zia Ulhafidz Aldiansyah,10287,Belum Menikah,Single,P,TKP/ Outsource,Front End Developer,Senior,Special treatment,FIN,Platform,03/15/85,Sunda,10/01/2011,02/07/2016,unhappy,Voluntarily Terminated,LinkedIn,4 4,4,3,0,05/01/2015,0,5
